﻿designator,quantity,value,pack,mpn,mount_type
BT1,1,Battery,SolderWire-2.5sqmm_1x02_P8.8mm_D2.4mm_OD4.4mm_Relief2x,,tht
"C1, C14, C2",3,10u,C_0805_2012Metric,,smt
"C10, C11, C13, C3, C8, C9",6,100n,C_0603_1608Metric,,smt
C12,1,10n,C_0603_1608Metric,,smt
C15,1,1u,C_0603_1608Metric,,smt
"C4, C6, C7",3,22u,C_0805_2012Metric,,smt
C5,1,100n,C_0805_2012Metric,,smt
"D1, D2, D3, D4",4,LED,LED_0805_2012Metric,,smt
J1,1,USB_C_Receptacle_USB2.0,USB_C_Receptacle_HRO_TYPE-C-31-M-12,,smt
J2,1,SCREEN,JST_XA_B04B-XASK-1_1x04_P2.50mm_Vertical,,tht
J3,1,GPIO,PinSocket_2x20_P2.54mm_Vertical,,tht
J4,1,PROGRAM,PinHeader_1x03_P2.54mm_Vertical,,tht
JP1,1,USB_PWR,PinHeader_1x02_P2.54mm_Vertical,,tht
JP2,1,BOOT0,PinHeader_1x03_P2.54mm_Vertical,,tht
L1,1,3u3,L_Taiyo-Yuden_NR-60xx,,smt
"MH1, MH2, MH3, MH4",4,MountingHole_2.7mm_M2.5,MountingHole_2.7mm_M2.5,,tht
"R1, R2",2,5.1k,R_0603_1608Metric,,smt
"R10, R11, R12, R8",4,330,R_0603_1608Metric,,smt
"R13, R14, R16, R5, R7, R9",6,10k,R_0603_1608Metric,,smt
R15,1,50k,R_0603_1608Metric,,smt
"R3, R4",2,22,R_0603_1608Metric,,smt
R6,1,54k9,R_0603_1608Metric,,smt
SW1,1,RPi_{ON},SW_PUSH_6mm_H4.3mm,,tht
SW2,1,RPi_{OFF},SW_PUSH_6mm_H4.3mm,,tht
SW3,1,MCU_{RST},SW_PUSH_6mm_H4.3mm,,tht
U1,1,AZ1117-3.3,SOT-223-3_TabPin2,,smt
U2,1,TPS563208DDCR,TSOT-23-6,,smt
U3,1,STM32F103C8Tx,LQFP-48_7x7mm_P0.5mm,,smt
U4,1,nRF24L01,nRF24L01_Breakout,,tht
Y1,1,8M,Resonator_SMD_Murata_CSTxExxV-3Pin_3.0x1.1mm,,smt
