﻿pos_x,pos_y,rotation,side,designator,mpn,pack,value,mount_type,place
7.975,11.0,90.0,top,BT1,,SolderWire-2.5sqmm_1x02_P8.8mm_D2.4mm_OD4.4mm_Relief2x,Battery,tht,False
16.2225,27.75,-90.0,top,C1,,C_0805_2012Metric,10u,smt,True
39.25,33.0,0.0,top,C10,,C_0603_1608Metric,100n,smt,True
48.5,31.75,90.0,top,C11,,C_0603_1608Metric,100n,smt,True
42.5,44.25,-90.0,top,C12,,C_0603_1608Metric,10n,smt,True
27.0,23.75,180.0,top,C13,,C_0603_1608Metric,100n,smt,True
26.5,44.75,0.0,top,C14,,C_0805_2012Metric,10u,smt,True
50.0,42.75,180.0,top,C15,,C_0603_1608Metric,1u,smt,True
46.0,13.75,90.0,top,C2,,C_0805_2012Metric,10u,smt,True
18.1125,27.8,-90.0,top,C3,,C_0603_1608Metric,100n,smt,True
46.0,17.25,-90.0,top,C4,,C_0805_2012Metric,22u,smt,True
24.5,30.5,180.0,top,C5,,C_0805_2012Metric,100n,smt,True
16.6125,30.62,180.0,top,C6,,C_0805_2012Metric,22u,smt,True
16.6125,32.8,180.0,top,C7,,C_0805_2012Metric,22u,smt,True
41.0,44.25,-90.0,top,C8,,C_0603_1608Metric,100n,smt,True
50.0,41.25,180.0,top,C9,,C_0603_1608Metric,100n,smt,True
57.25,27.75,90.0,top,D1,,LED_0805_2012Metric,LED,smt,True
7.0,31.8525,90.0,top,D2,,LED_0805_2012Metric,LED,smt,True
60.25,27.75,90.0,top,D3,,LED_0805_2012Metric,LED,smt,True
63.25,27.75,90.0,top,D4,,LED_0805_2012Metric,LED,smt,True
42.68,4.05,0.0,top,J1,,USB_C_Receptacle_HRO_TYPE-C-31-M-12,USB_C_Receptacle_USB2.0,smt,True
16.0,44.75,180.0,top,J2,,JST_XA_B04B-XASK-1_1x04_P2.50mm_Vertical,SCREEN,tht,True
8.37,51.23,-90.0,bottom,J3,,PinSocket_2x20_P2.54mm_Vertical,GPIO,tht,True
49.0,24.5,-90.0,top,J4,,PinHeader_1x03_P2.54mm_Vertical,PROGRAM,tht,True
54.25,24.96,180.0,top,JP1,,PinHeader_1x02_P2.54mm_Vertical,USB_PWR,tht,True
59.33,47.5,-90.0,top,JP2,,PinHeader_1x03_P2.54mm_Vertical,BOOT0,tht,True
11.6125,30.3,90.0,top,L1,,L_Taiyo-Yuden_NR-60xx,3u3,smt,True
3.5,52.5,0.0,top,MH1,,MountingHole_2.7mm_M2.5,MountingHole_2.7mm_M2.5,tht,False
61.5,52.5,0.0,top,MH2,,MountingHole_2.7mm_M2.5,MountingHole_2.7mm_M2.5,tht,False
3.5,3.5,0.0,top,MH3,,MountingHole_2.7mm_M2.5,MountingHole_2.7mm_M2.5,tht,False
61.5,3.5,0.0,top,MH4,,MountingHole_2.7mm_M2.5,MountingHole_2.7mm_M2.5,tht,False
39.68,10.1,180.0,top,R1,,R_0603_1608Metric,5.1k,smt,True
7.0,28.325,90.0,top,R10,,R_0603_1608Metric,330,smt,True
60.25,24.5,90.0,top,R11,,R_0603_1608Metric,330,smt,True
63.25,24.5,90.0,top,R12,,R_0603_1608Metric,330,smt,True
55.25,8.75,180.0,top,R13,,R_0603_1608Metric,10k,smt,True
30.25,40.5,90.0,top,R14,,R_0603_1608Metric,10k,smt,True
24.0,23.75,180.0,top,R15,,R_0603_1608Metric,50k,smt,True
27.0,25.25,180.0,top,R16,,R_0603_1608Metric,10k,smt,True
45.68,10.1,0.0,top,R2,,R_0603_1608Metric,5.1k,smt,True
41.93,10.85,90.0,top,R3,,R_0603_1608Metric,22,smt,True
43.43,10.85,90.0,top,R4,,R_0603_1608Metric,22,smt,True
24.0,25.25,0.0,top,R5,,R_0603_1608Metric,10k,smt,True
28.5,27.75,-90.0,top,R6,,R_0603_1608Metric,54k9,smt,True
27.0,27.75,-90.0,top,R7,,R_0603_1608Metric,10k,smt,True
57.25,24.5,90.0,top,R8,,R_0603_1608Metric,330,smt,True
51.0,38.675,-90.0,top,R9,,R_0603_1608Metric,10k,smt,True
13.25,6.25,0.0,top,SW1,,SW_PUSH_6mm_H4.3mm,RPi_{ON},tht,True
23.0,6.25,0.0,top,SW2,,SW_PUSH_6mm_H4.3mm,RPi_{OFF},tht,True
56.0,1.75,180.0,top,SW3,,SW_PUSH_6mm_H4.3mm,MCU_{RST},tht,True
51.5,15.5,0.0,top,U1,,SOT-223-3_TabPin2,AZ1117-3.3,smt,True
24.0,27.75,0.0,top,U2,,TSOT-23-6,TPS563208DDCR,smt,True
44.5,37.0,-90.0,top,U3,,LQFP-48_7x7mm_P0.5mm,STM32F103C8Tx,smt,True
25.21,41.83,0.0,top,U4,,nRF24L01_Breakout,nRF24L01,tht,True
45.0,44.25,180.0,top,Y1,,Resonator_SMD_Murata_CSTxExxV-3Pin_3.0x1.1mm,8M,smt,True
